{"celeba/logs/clean_statistics/min": [[1674536762.0147765, 100, 0.0], [1674536805.471131, 200, 0.0], [1674536848.604551, 300, 0.0], [1674536891.8587098, 400, 0.0], [1674536936.2009614, 500, 0.0], [1674536980.562746, 600, 0.0], [1674537023.297369, 700, 0.0], [1674537066.8502162, 800, 0.0], [1674537109.4636703, 900, 0.0], [1674537145.329262, 1000, 0.0], [1674537206.903455, 1200, 0.0], [1674537267.1955173, 1400, 0.0], [1674537328.5817118, 1600, 0.0], [1674537388.6243334, 1800, 0.0], [1674537450.070431, 2000, 0.0], [1674537509.9606483, 2200, 0.0], [1674537571.270185, 2400, 0.0], [1674537631.527427, 2600, 0.0], [1674537691.8132126, 2800, 0.0], [1674537754.10984, 3000, 0.0], [1674538058.9265742, 4000, 0.0], [1674538405.8863072, 5000, 0.0], [1674538684.2309964, 6000, 0.0], [1674538962.706379, 7000, 0.0], [1674539242.5035696, 8000, 0.0], [1674539590.8150563, 9000, 0.0]], "celeba/logs/clean_statistics/max": [[1674536762.0147765, 100, 1.0], [1674536805.471131, 200, 1.0], [1674536848.604551, 300, 1.0], [1674536891.8587098, 400, 1.0], [1674536936.2009614, 500, 1.0], [1674536980.562746, 600, 1.0], [1674537023.297369, 700, 1.0], [1674537066.8502162, 800, 1.0], [1674537109.4636703, 900, 1.0], [1674537145.329262, 1000, 1.0], [1674537206.903455, 1200, 1.0], [1674537267.1955173, 1400, 1.0], [1674537328.5817118, 1600, 1.0], [1674537388.6243334, 1800, 1.0], [1674537450.070431, 2000, 1.0], [1674537509.9606483, 2200, 1.0], [1674537571.270185, 2400, 1.0], [1674537631.527427, 2600, 1.0], [1674537691.8132126, 2800, 1.0], [1674537754.10984, 3000, 1.0], [1674538058.9265742, 4000, 1.0], [1674538405.8863072, 5000, 1.0], [1674538684.2309964, 6000, 1.0], [1674538962.706379, 7000, 1.0], [1674539242.5035696, 8000, 1.0], [1674539590.8150563, 9000, 1.0]], "celeba/logs/with_fingerprint_statistics/min": [[1674536762.0196345, 100, 0.4442163407802582], [1674536805.4722736, 200, 0.4356399476528168], [1674536848.606366, 300, 0.43573662638664246], [1674536891.861108, 400, 0.4342566728591919], [1674536936.2023702, 500, 0.4326251149177551], [1674536980.5641358, 600, 0.4268553853034973], [1674537023.2988632, 700, 0.42627251148223877], [1674537066.8518136, 800, 0.4215085208415985], [1674537109.4645941, 900, 0.41802191734313965], [1674537145.3300269, 1000, 0.4023172855377197], [1674537206.9047995, 1200, 0.28207874298095703], [1674537267.1962407, 1400, 0.0036053720396012068], [1674537328.5827827, 1600, 0.001123577356338501], [1674537388.6254337, 1800, 0.0002823816903401166], [1674537450.071444, 2000, 0.00044222563155926764], [1674537509.961254, 2200, 0.0003003198653459549], [1674537571.2710757, 2400, 0.09997625648975372], [1674537631.5284781, 2600, 0.018292972818017006], [1674537691.8139503, 2800, 0.01883300207555294], [1674537754.1107862, 3000, 0.006232753396034241], [1674538058.9274924, 4000, 0.0015906526241451502], [1674538405.8870995, 5000, 0.0015860036946833134], [1674538684.2320838, 6000, 0.0012017344124615192], [1674538962.7074845, 7000, 0.00033417853410355747], [1674539242.5047097, 8000, 0.0007174675120040774], [1674539590.816182, 9000, 0.000610714836511761]], "celeba/logs/with_fingerprint_statistics/max": [[1674536762.0196345, 100, 0.48506638407707214], [1674536805.4722736, 200, 0.4862161874771118], [1674536848.606366, 300, 0.4866785705089569], [1674536891.861108, 400, 0.48723161220550537], [1674536936.2023702, 500, 0.4881371259689331], [1674536980.5641358, 600, 0.48926815390586853], [1674537023.2988632, 700, 0.49038952589035034], [1674537066.8518136, 800, 0.4926978051662445], [1674537109.4645941, 900, 0.49511635303497314], [1674537145.3300269, 1000, 0.5021128058433533], [1674537206.9047995, 1200, 0.6519298553466797], [1674537267.1962407, 1400, 0.9997946619987488], [1674537328.5827827, 1600, 0.999946117401123], [1674537388.6254337, 1800, 0.9999884366989136], [1674537450.071444, 2000, 0.9999802112579346], [1674537509.961254, 2200, 0.9999855756759644], [1674537571.2710757, 2400, 0.9406206011772156], [1674537631.5284781, 2600, 0.9659606218338013], [1674537691.8139503, 2800, 0.9683290123939514], [1674537754.1107862, 3000, 0.9743871092796326], [1674538058.9274924, 4000, 0.9908761382102966], [1674538405.8870995, 5000, 0.9921237826347351], [1674538684.2320838, 6000, 0.9932827949523926], [1674538962.7074845, 7000, 0.993845522403717], [1674539242.5047097, 8000, 0.9944394826889038], [1674539590.816182, 9000, 0.997861921787262]], "celeba/logs/residual_statistics/min": [[1674536762.0250657, 100, -0.5545856356620789], [1674536805.4739847, 200, -0.5641418695449829], [1674536848.6082053, 300, -0.563625693321228], [1674536891.8623424, 400, -0.5655299425125122], [1674536936.2041, 500, -0.5655020475387573], [1674536980.5653555, 600, -0.5731446146965027], [1674537023.3023255, 700, -0.5737274885177612], [1674537066.853308, 800, -0.577388346195221], [1674537109.4661386, 900, -0.5803216695785522], [1674537145.3317297, 1000, -0.595755934715271], [1674537206.9064384, 1200, -0.7082087397575378], [1674537267.1975596, 1400, -0.9794045090675354], [1674537328.5843308, 1600, -0.9913046956062317], [1674537388.6266952, 1800, -0.9795247316360474], [1674537450.0728161, 2000, -0.9693443775177002], [1674537509.9624383, 2200, -0.9956622123718262], [1674537571.272726, 2400, -0.8120965957641602], [1674537631.5299046, 2600, -0.8169114589691162], [1674537691.815073, 2800, -0.7460468411445618], [1674537754.1122375, 3000, -0.6967520117759705], [1674538058.9288888, 4000, -0.5715245008468628], [1674538405.8885071, 5000, -0.5360459089279175], [1674538684.2334745, 6000, -0.5265470743179321], [1674538962.7091496, 7000, -0.5204612016677856], [1674539242.5062048, 8000, -0.43603232502937317], [1674539590.817856, 9000, -0.4205687344074249]], "celeba/logs/residual_statistics/max": [[1674536762.0250657, 100, 0.478879451751709], [1674536805.4739847, 200, 0.48164328932762146], [1674536848.6082053, 300, 0.4832885265350342], [1674536891.8623424, 400, 0.4796468913555145], [1674536936.2041, 500, 0.47998765110969543], [1674536980.5653555, 600, 0.48125147819519043], [1674537023.3023255, 700, 0.48173636198043823], [1674537066.853308, 800, 0.48540106415748596], [1674537109.4661386, 900, 0.48638996481895447], [1674537145.3317297, 1000, 0.4930928945541382], [1674537206.9064384, 1200, 0.5863939523696899], [1674537267.1975596, 1400, 0.9948434829711914], [1674537328.5843308, 1600, 0.9956347346305847], [1674537388.6266952, 1800, 0.9996563196182251], [1674537450.0728161, 2000, 0.9984027743339539], [1674537509.9624383, 2200, 0.9989288449287415], [1674537571.272726, 2400, 0.8730901479721069], [1674537631.5299046, 2600, 0.7546947002410889], [1674537691.815073, 2800, 0.6115319132804871], [1674537754.1122375, 3000, 0.538852870464325], [1674538058.9288888, 4000, 0.46591562032699585], [1674538405.8885071, 5000, 0.46858054399490356], [1674538684.2334745, 6000, 0.4114726781845093], [1674538962.7091496, 7000, 0.4244470000267029], [1674539242.5062048, 8000, 0.4782041907310486], [1674539590.817856, 9000, 0.37069442868232727]],